{"cameraMode":{"drawMode":0,"name":"Shaded","section":"Shading Mode"},"sceneLighting":true,"audioPlay":false,"sceneViewState":{"showFog":true,"showMaterialUpdate":false,"showSkybox":true,"showFlares":true,"showImageEffects":true,"showParticleSystems":true},"in2DMode":false,"pivot":{"x":466.1544189453125,"y":271.751708984375,"z":52.80340576171875},"rotation":{"x":0.01949101686477661,"y":-0.029081081971526147,"z":-0.0005705156363546848,"w":-0.9993935227394104},"size":410.7575378417969,"orthographic":false}